lat,lon,elevation_m
22.44,113.72,0.0
22.47,113.72,0.0
22.5,113.72,0.0
22.53,113.72,0.0
22.56,113.72,0.0
22.59,113.72,0.0
22.62,113.72,0.0
22.65,113.72,0.0
22.68,113.72,0.0
22.71,113.72,0.0
22.74,113.72,0.0
22.77,113.72,4.0
22.8,113.72,19.0
22.83,113.72,13.0
22.86,113.72,16.0
22.44,113.75,0.0
22.47,113.75,0.0
22.5,113.75,0.0
22.53,113.75,0.0
22.56,113.75,0.0
22.59,113.75,0.0
22.62,113.75,0.0
22.65,113.75,0.0
22.68,113.75,0.0
22.71,113.75,0.0
22.74,113.75,0.0
22.77,113.75,7.0
22.8,113.75,10.0
22.83,113.75,11.0
22.86,113.75,156.0
22.44,113.78,0.0
22.47,113.78,0.0
22.5,113.78,0.0
22.53,113.78,0.0
22.56,113.78,0.0
22.59,113.78,0.0
22.62,113.78,0.0
22.65,113.78,0.0
22.68,113.78,-1.0
22.71,113.78,-1.0
22.74,113.78,2.0
22.77,113.78,-5.0
22.8,113.78,7.0
22.83,113.78,17.0
22.86,113.78,136.0
22.44,113.81,0.0
22.47,113.81,0.0
22.5,113.81,0.0
22.53,113.81,0.0
22.56,113.81,0.0
22.59,113.81,0.0
22.62,113.81,0.0
22.65,113.81,-1.0
22.68,113.81,23.0
22.71,113.81,14.0
22.74,113.81,6.0
22.77,113.81,1.0
22.8,113.81,1.0
22.83,113.81,30.0
22.86,113.81,205.0
22.44,113.84,0.0
22.47,113.84,0.0
22.5,113.84,0.0
22.53,113.84,0.0
22.56,113.84,0.0
22.59,113.84,1.0
22.62,113.84,33.0
22.65,113.84,33.0
22.68,113.84,38.0
22.71,113.84,14.0
22.74,113.84,8.0
22.77,113.84,11.0
22.8,113.84,8.0
22.83,113.84,74.0
22.86,113.84,39.0
22.44,113.87,0.0
22.47,113.87,0.0
22.5,113.87,2.0
22.53,113.87,0.0
22.56,113.87,1.0
22.59,113.87,1.0
22.62,113.87,48.0
22.65,113.87,38.0
22.68,113.87,118.0
22.71,113.87,95.0
22.74,113.87,38.0
22.77,113.87,7.0
22.8,113.87,6.0
22.83,113.87,42.0
22.86,113.87,50.0
22.44,113.9,0.0
22.47,113.9,8.0
22.5,113.9,281.0
22.53,113.9,0.0
22.56,113.9,1.0
22.59,113.9,58.0
22.62,113.9,35.0
22.65,113.9,21.0
22.68,113.9,62.0
22.71,113.9,36.0
22.74,113.9,27.0
22.77,113.9,12.0
22.8,113.9,11.0
22.83,113.9,151.0
22.86,113.9,34.0
22.44,113.93,0.0
22.47,113.93,0.0
22.5,113.93,5.0
22.53,113.93,9.0
22.56,113.93,33.0
22.59,113.93,126.0
22.62,113.93,69.0
22.65,113.93,131.0
22.68,113.93,46.0
22.71,113.93,235.0
22.74,113.93,31.0
22.77,113.93,22.0
22.8,113.93,8.0
22.83,113.93,58.0
22.86,113.93,143.0
22.44,113.96,42.0
22.47,113.96,0.0
22.5,113.96,0.0
22.53,113.96,2.0
22.56,113.96,10.0
22.59,113.96,15.0
22.62,113.96,24.0
22.65,113.96,324.0
22.68,113.96,105.0
22.71,113.96,73.0
22.74,113.96,135.0
22.77,113.96,33.0
22.8,113.96,31.0
22.83,113.96,27.0
22.86,113.96,129.0
22.44,113.99,14.0
22.47,113.99,29.0
22.5,113.99,0.0
22.53,113.99,-2.0
22.56,113.99,47.0
22.59,113.99,37.0
22.62,113.99,84.0
22.65,113.99,127.0
22.68,113.99,92.0
22.71,113.99,158.0
22.74,113.99,71.0
22.77,113.99,130.0
22.8,113.99,218.0
22.83,113.99,48.0
22.86,113.99,84.0
22.44,114.02,7.0
22.47,114.02,-2.0
22.5,114.02,0.0
22.53,114.02,15.0
22.56,114.02,34.0
22.59,114.02,159.0
22.62,114.02,84.0
22.65,114.02,70.0
22.68,114.02,86.0
22.71,114.02,74.0
22.74,114.02,39.0
22.77,114.02,59.0
22.8,114.02,67.0
22.83,114.02,75.0
22.86,114.02,99.0
22.44,114.05,57.0
22.47,114.05,0.0
22.5,114.05,0.0
22.53,114.05,9.0
22.56,114.05,51.0
22.59,114.05,101.0
22.62,114.05,82.0
22.65,114.05,76.0
22.68,114.05,56.0
22.71,114.05,46.0
22.74,114.05,57.0
22.77,114.05,38.0
22.8,114.05,30.0
22.83,114.05,90.0
22.86,114.05,85.0
22.44,114.08,12.0
22.47,114.08,170.0
22.5,114.08,6.0
22.53,114.08,0.0
22.56,114.08,29.0
22.59,114.08,215.0
22.62,114.08,103.0
22.65,114.08,97.0
22.68,114.08,83.0
22.71,114.08,54.0
22.74,114.08,48.0
22.77,114.08,29.0
22.8,114.08,26.0
22.83,114.08,30.0
22.86,114.08,45.0
22.44,114.11,290.0
22.47,114.11,78.0
22.5,114.11,18.0
22.53,114.11,10.0
22.56,114.11,11.0
22.59,114.11,18.0
22.62,114.11,46.0
22.65,114.11,93.0
22.68,114.11,89.0
22.71,114.11,58.0
22.74,114.11,42.0
22.77,114.11,28.0
22.8,114.11,34.0
22.83,114.11,21.0
22.86,114.11,41.0
22.44,114.14,125.0
22.47,114.14,170.0
22.5,114.14,10.0
22.53,114.14,24.0
22.56,114.14,12.0
22.59,114.14,60.0
22.62,114.14,64.0
22.65,114.14,57.0
22.68,114.14,62.0
22.71,114.14,58.0
22.74,114.14,55.0
22.77,114.14,111.0
22.8,114.14,32.0
22.83,114.14,54.0
22.86,114.14,54.0
22.44,114.17,61.0
22.47,114.17,217.0
22.5,114.17,72.0
22.53,114.17,22.0
22.56,114.17,31.0
22.59,114.17,90.0
22.62,114.17,78.0
22.65,114.17,83.0
22.68,114.17,49.0
22.71,114.17,55.0
22.74,114.17,70.0
22.77,114.17,89.0
22.8,114.17,42.0
22.83,114.17,36.0
22.86,114.17,49.0
22.44,114.2,0.0
22.47,114.2,21.0
22.5,114.2,332.0
22.53,114.2,6.0
22.56,114.2,102.0
22.59,114.2,196.0
22.62,114.2,172.0
22.65,114.2,61.0
22.68,114.2,53.0
22.71,114.2,66.0
22.74,114.2,56.0
22.77,114.2,115.0
22.8,114.2,46.0
22.83,114.2,49.0
22.86,114.2,84.0
22.44,114.23,0.0
22.47,114.23,0.0
22.5,114.23,218.0
22.53,114.23,46.0
22.56,114.23,8.0
22.59,114.23,215.0
22.62,114.23,139.0
22.65,114.23,60.0
22.68,114.23,43.0
22.71,114.23,32.0
22.74,114.23,56.0
22.77,114.23,91.0
22.8,114.23,105.0
22.83,114.23,248.0
22.86,114.23,125.0
22.44,114.26,0.0
22.47,114.26,6.0
22.5,114.26,114.0
22.53,114.26,84.0
22.56,114.26,0.0
22.59,114.26,4.0
22.62,114.26,506.0
22.65,114.26,306.0
22.68,114.26,133.0
22.71,114.26,33.0
22.74,114.26,27.0
22.77,114.26,93.0
22.8,114.26,101.0
22.83,114.26,69.0
22.86,114.26,74.0
22.44,114.29,51.0
22.47,114.29,0.0
22.5,114.29,90.0
22.53,114.29,0.0
22.56,114.29,0.0
22.59,114.29,53.0
22.62,114.29,474.0
22.65,114.29,137.0
22.68,114.29,62.0
22.71,114.29,83.0
22.74,114.29,25.0
22.77,114.29,37.0
22.8,114.29,112.0
22.83,114.29,70.0
22.86,114.29,204.0
22.44,114.32,181.0
22.47,114.32,195.0
22.5,114.32,160.0
22.53,114.32,4.0
22.56,114.32,0.0
22.59,114.32,0.0
22.62,114.32,170.0
22.65,114.32,264.0
22.68,114.32,42.0
22.71,114.32,72.0
22.74,114.32,71.0
22.77,114.32,27.0
22.8,114.32,74.0
22.83,114.32,60.0
22.86,114.32,51.0
22.44,114.35,0.0
22.47,114.35,0.0
22.5,114.35,0.0
22.53,114.35,0.0
22.56,114.35,0.0
22.59,114.35,0.0
22.62,114.35,70.0
22.65,114.35,308.0
22.68,114.35,50.0
22.71,114.35,50.0
22.74,114.35,44.0
22.77,114.35,31.0
22.8,114.35,129.0
22.83,114.35,76.0
22.86,114.35,93.0
22.44,114.38,0.0
22.47,114.38,0.0
22.5,114.38,0.0
22.53,114.38,0.0
22.56,114.38,0.0
22.59,114.38,0.0
22.62,114.38,148.0
22.65,114.38,196.0
22.68,114.38,111.0
22.71,114.38,31.0
22.74,114.38,41.0
22.77,114.38,37.0
22.8,114.38,95.0
22.83,114.38,33.0
22.86,114.38,356.0
22.44,114.41,0.0
22.47,114.41,0.0
22.5,114.41,0.0
22.53,114.41,0.0
22.56,114.41,0.0
22.59,114.41,0.0
22.62,114.41,137.0
22.65,114.41,112.0
22.68,114.41,360.0
22.71,114.41,31.0
22.74,114.41,44.0
22.77,114.41,30.0
22.8,114.41,21.0
22.83,114.41,33.0
22.86,114.41,37.0
22.44,114.44,0.0
22.47,114.44,0.0
22.5,114.44,0.0
22.53,114.44,0.0
22.56,114.44,0.0
22.59,114.44,3.0
22.62,114.44,264.0
22.65,114.44,66.0
22.68,114.44,249.0
22.71,114.44,45.0
22.74,114.44,24.0
22.77,114.44,23.0
22.8,114.44,19.0
22.83,114.44,37.0
22.86,114.44,24.0
22.44,114.47,0.0
22.47,114.47,0.0
22.5,114.47,0.0
22.53,114.47,0.0
22.56,114.47,172.0
22.59,114.47,34.0
22.62,114.47,302.0
22.65,114.47,388.0
22.68,114.47,421.0
22.71,114.47,48.0
22.74,114.47,38.0
22.77,114.47,32.0
22.8,114.47,26.0
22.83,114.47,18.0
22.86,114.47,19.0
22.44,114.5,0.0
22.47,114.5,179.0
22.5,114.5,311.0
22.53,114.5,47.0
22.56,114.5,0.0
22.59,114.5,7.0
22.62,114.5,257.0
22.65,114.5,0.0
22.68,114.5,36.0
22.71,114.5,365.0
22.74,114.5,26.0
22.77,114.5,37.0
22.8,114.5,27.0
22.83,114.5,35.0
22.86,114.5,41.0
22.44,114.53,0.0
22.47,114.53,0.0
22.5,114.53,199.0
22.53,114.53,136.0
22.56,114.53,34.0
22.59,114.53,0.0
22.62,114.53,234.0
22.65,114.53,30.0
22.68,114.53,0.0
22.71,114.53,0.0
22.74,114.53,5.0
22.77,114.53,46.0
22.8,114.53,149.0
22.83,114.53,223.0
22.86,114.53,48.0
22.44,114.56,0.0
22.47,114.56,0.0
22.5,114.56,23.0
22.53,114.56,494.0
22.56,114.56,0.0
22.59,114.56,0.0
22.62,114.56,203.0
22.65,114.56,38.0
22.68,114.56,0.0
22.71,114.56,4.0
22.74,114.56,17.0
22.77,114.56,70.0
22.8,114.56,473.0
22.83,114.56,89.0
22.86,114.56,85.0
22.44,114.59,0.0
22.47,114.59,0.0
22.5,114.59,180.0
22.53,114.59,297.0
22.56,114.59,0.0
22.59,114.59,0.0
22.62,114.59,0.0
22.65,114.59,59.0
22.68,114.59,0.0
22.71,114.59,5.0
22.74,114.59,0.0
22.77,114.59,33.0
22.8,114.59,176.0
22.83,114.59,331.0
22.86,114.59,71.0
22.44,114.62,0.0
22.47,114.62,32.0
22.5,114.62,0.0
22.53,114.62,0.0
22.56,114.62,0.0
22.59,114.62,0.0
22.62,114.62,0.0
22.65,114.62,0.0
22.68,114.62,0.0
22.71,114.62,0.0
22.74,114.62,0.0
22.77,114.62,46.0
22.8,114.62,191.0
22.83,114.62,130.0
22.86,114.62,33.0
22.44,114.65,1.0
22.47,114.65,2.0
22.5,114.65,0.0
22.53,114.65,0.0
22.56,114.65,0.0
22.59,114.65,0.0
22.62,114.65,0.0
22.65,114.65,0.0
22.68,114.65,0.0
22.71,114.65,0.0
22.74,114.65,0.0
22.77,114.65,0.0
22.8,114.65,28.0
22.83,114.65,210.0
22.86,114.65,84.0
