station_code,station_name,lat,lon,elevation_m,road_density,impervious_pct,dist_to_water_km
9281192001,(市)平湖火车隧道口,22.697494,114.119296,58.0,4.48,83.1,1.63
MS1104403060000414,(市)宝安区福和路西六巷,22.75496986065163,113.7975587837876,6.0,4.07,87.0,0.24
MS1104403070000304,(市)英才学校,22.76973,113.87325,7.0,7.39,57.9,0.49
MS1104403070000251,(市)龙岗区政府,22.725427,114.267299,27.0,5.23,88.9,0.31
MS1104403050000160,(市)桃园路与南新路交叉口,22.535395972003414,113.91852837514443,9.0,9.37,78.8,0.35
MS1104403110000597,(市)东长路外环高速长圳入口,22.747509018088216,113.91221411091422,27.0,3.78,39.5,0.28
MS1104403030000232,(市)沿河南路文锦路社区,22.550252268776845,114.11444108979862,11.0,9.18,75.1,0.28
MS1104403060000304,(市)山门第三工业区,22.78637,113.85335,8.0,6.01,74.8,0.28
MS1104403060000448,(市)宝安区沙井西环路正科时代,22.658437552805964,113.96411546099013,324.0,0.0,0.0,1.48
MS1104403060000471,(市)万达广场,22.72132,114.05284,46.0,5.98,88.8,0.37
MS1104403030000304,(市)东湖路,22.582822583699635,114.1345991945055,60.0,6.37,75.6,0.69
MS1104403090000118,(市)新区大道深圳北站,22.624351465560785,114.01682556681699,84.0,10.68,77.7,0.85
MS1104403060000395,(市)宝安区幸福路与恒珠一路,22.805936,113.838415,8.0,5.58,97.4,0.19
MS1104403030000270,(市)罗湖区委,22.550022,114.125646,12.0,9.13,87.0,1.03
MS1104403060000490,(市)碧海湾地铁站 B 出入口,22.57724,113.85179,1.0,9.8,73.9,0.77
MS1104403050000122,(市)南山大道深意工业大厦段,22.540721694789013,113.9181638130031,9.0,9.05,80.2,0.33
MS1104403110000635,(市)公常路与环村路交叉口,22.826648407959507,113.95688701032125,27.0,1.12,54.3,0.72
MS1104403080000031,(市)桥东街小区,22.54853,114.22796,8.0,3.08,73.4,0.06
9281292004,(市)滨河益田立交桥洞,22.531345,114.051279,9.0,9.29,73.4,0.37
9281292005,(市)深南新洲一号立交桥洞,22.542743,114.044462,9.0,11.06,40.2,0.35
9281292010,(市)上星南路与中心路丽沙花都,22.502209013854387,113.93734688972145,5.0,14.42,78.0,0.19
MS1104403100000066,(市)文化中心地铁站,22.5733,114.07965,29.0,10.15,54.2,0.1
9281192019,(市)福龙路高铁桥下简上段,22.61964472178257,114.00080097044238,84.0,0.0,0.0,0.03
9281292023,(市)东滨路南行华联城市山林花园段,22.51106546682151,113.92212734316605,5.0,10.77,82.1,1.16
9281192022,(市)龙田社区大水湾,22.75888,114.362177,31.0,5.18,70.8,0.24
9281192008,(市)南联第六工业区桥洞,22.70491,114.24825,33.0,2.55,23.7,0.51
9281292013,(市)宝安大道固戍地铁站,22.64678387472509,113.8417801892837,33.0,0.0,0.7,0.07
9281292002,(市)广深高速桥下滨海大道北侧辅道,22.579823080041088,114.10123773351275,18.0,8.88,39.6,0.08
9281192012,(市)湖南立交,22.600046,114.1141,18.0,11.02,83.3,0.05
9281192010,(市)安良六村安业路与安居路交汇处,22.63087,114.21743,139.0,5.18,91.8,0.48
9281292015,(市)东环大道松宝大道段,22.770621,113.897676,12.0,2.82,85.5,0.12
9281292016,(市)长凤路龙大高速桥底,22.775734215738417,113.91156092305157,12.0,8.19,32.2,0.06
9281292008,洲石路鹤洲桥底（市）,22.651019027149744,113.88061107664711,38.0,0.0,0.0,0.45
MS1104403050000175,(市)后海大道与登良路交叉口,22.51179221810604,113.92884393579894,5.0,12.7,69.3,0.8
MS1104403090000065,(市)泗黎路凹背社区富坑社区,22.753687171367037,114.03385655648283,39.0,9.1,68.8,0.21
MS110440306000040X,(市)宝安区勋业街,22.77724,113.83513,11.0,6.92,87.4,0.58
MS1104403070000285,(市)育贤学校、童星幼儿园,22.724234,114.286811,83.0,8.39,96.2,0.77
MS1104403080000027,(市)沙头角口岸小区,22.552473,114.222972,8.0,5.85,67.9,0.13
MS1104403030000342,(市)文锦渡口岸,22.544653,114.131394,24.0,10.54,79.7,0.3
MS1104403060000467,(市)海雅缤纷城,22.56169,113.90085,1.0,10.34,87.9,0.06
MS1104403070000342,(市)布吉站（深圳东站）,22.60511,114.11506,46.0,12.94,96.2,0.12
MS1104403040000581,(市)北环大道与梅林路交汇处,22.55966775704351,113.99344633894496,47.0,3.57,44.0,1.07
9281292006,(市)北环新洲立交东南角辅道,22.563302,114.031096,34.0,11.37,85.2,0.8
MS1104403040000562,(市)上步红荔路口,22.550171284097686,114.05891535550717,51.0,11.55,58.4,0.29
MS1104403050000247,(市)国家超级计算深圳中心,22.599227,113.984574,37.0,4.43,45.8,0.28
MS1104403040000649,(市)深南大道车公庙交通枢纽段,22.5420797706313,113.9753640727562,-2.0,4.99,60.1,0.46
MS110440304000062X,(市)民田路深圳证券交易所,22.53903429826115,114.04781278730138,9.0,14.14,40.2,0.38
MS1104403030000285,(市)万象城,22.543945,114.105567,10.0,12.33,82.1,0.2
MS110440307000029X,(市)深圳远东妇产医院,22.642158,114.066256,97.0,8.06,74.6,0.6
MS1104403030000247,(市)深南东路黄贝岭,22.54661746874732,114.11811396992493,11.0,10.43,85.7,0.75
MS1104403050000228,(市)粤海门地铁站 D2 出入口,22.535881,113.940064,9.0,12.4,85.0,0.96
MS1104403030000338,(市)东湖公园爱国路与太宁路路口,22.563633808974675,114.13329390192719,12.0,6.7,78.1,0.98
9281192016,(市)宝荷路中新加油站对面,22.694796752516076,114.25970116268519,133.0,10.15,19.1,0.35
9281192004,(市)布李路富民城段,22.618912574166664,114.11654044833332,46.0,7.17,76.1,0.26
9281292003,(市)福田区竹子林立交下穿通道,22.530909,114.015299,15.0,11.76,56.9,0.22
9281192002,(市)新木路广深铁路桥底,22.6674177472887,114.13210195018992,62.0,1.44,74.5,1.89
9281192013,(市)高背路惠盐高速桥洞积水点,22.768476,114.321964,27.0,4.6,89.7,0.08
9281292024,(市)深圳湾东滨路与中心路交叉口,22.51106546682151,113.92212734316605,5.0,10.77,82.1,1.16
MS1104403050000232,(市)桂庙路地下道路,22.52643977555155,113.91686609460196,9.0,16.37,92.6,0.54
MS1104403070000266,(市)五和地铁站H出入口,22.63039,114.05677,82.0,9.42,83.1,1.01
MS110440305000018X,(市)后海大道港湾创业大厦,22.51179221810604,113.92884393579894,5.0,12.7,69.3,0.8
MS1104403090000141,(市)大浪新围街大船坑市场段,22.692058934615382,113.9964102346154,92.0,10.13,75.8,0.03
MS1104403060000376,(市)新圳西路万佳商场段,22.56349644,113.89998969999999,1.0,14.62,87.9,0.25
MS1104403110000601,(市)光侨雅苑,22.53711,113.98048,-2.0,6.58,48.3,0.13
MS1104403080000012,(市)金融路海涛路口片区,22.553642038690473,114.22939035281746,8.0,6.11,82.3,0.6
MS1104403070000175,(市)龙平西路新秀社区公园,22.731009781031894,114.22605984524496,56.0,4.53,57.7,1.2
MS1104403070000338,(市)布澜路国芬路口,22.635311170786817,114.12784150313183,57.0,6.36,86.6,0.56
MS1104403060000319,(市)前进一路上川路口,22.57118007860348,113.90008995469552,1.0,9.51,50.5,0.29
MS1104403050000137,(市)南山大道与登良路交叉口,22.540721694789013,113.9181638130031,9.0,9.05,80.2,0.33
MS1104403070000213,(市)龙西中路与盐龙大道交汇处,22.75103177856142,114.25588661241065,27.0,3.36,1.8,0.27
MS1104403030000251,(市)滨河上步立交桥,22.537985,114.091296,0.0,8.21,29.4,0.12
MS1104403060000323,(市)洪浪北地铁站,22.578833,113.904988,58.0,11.93,82.8,0.61
MS1104403040000615,(市)市民中心,22.545691,114.05466,51.0,13.98,56.9,0.38
MS1104403030000266,(市)罗湖火车站,22.533635,114.112678,10.0,5.79,85.8,0.35
9281292012,(市)固戍海滨新村文昌阁,22.5905,113.83835,1.0,7.06,96.1,0.54
9281192005,(市)龙博路,22.62797037826087,114.10927237391306,46.0,5.3,71.3,0.42
9281192017,(市)环观南路与观平路交汇处,22.705673908780923,114.07279441765539,54.0,6.36,38.9,0.69
9281192009,(市)新坡塘村新坡塘积水点,22.656176,114.209692,61.0,5.07,83.0,0.29
9281192014,(市)鹤坑桥洞,22.786953,114.329639,74.0,1.59,91.5,0.01
9281292007,(市)107国道新安段(裕安加油站),22.55254164883845,113.90816500450731,1.0,7.38,61.6,0.31
MS1104403030000319,(市)桂园片区,22.542227,114.102228,10.0,13.09,87.7,0.34
MS1104403060000429,(市)民福路与创新路交叉口,22.77931941488889,113.82386091368804,1.0,10.8,84.4,0.14
MS1104403070000209,(市)龙城大道与龙平东路交汇处,22.734070392016967,114.26268655089929,27.0,3.82,75.2,0.28
MS1104403050000209,(市)深圳湾口岸,22.50626,113.9446,5.0,6.18,47.2,0.66
MS1104403040000543,(市)香梅莲花路口,22.559401296538805,114.04793087126708,51.0,1.59,1.0,0.39
MS1104403070000270,(市)长龙地铁站C2出入口,22.610528,114.109316,46.0,4.13,91.1,0.62
MS1104403070000228,(市)爱南路与深汕公路交汇处,22.709133830928806,114.31382413715897,72.0,7.58,61.4,0.63
MS1104403060000361,(市)园岭商场,22.563589,114.098682,11.0,12.12,89.8,0.14
MS1104403050000194,(市)深南大道高新园地铁 AD 口,22.5420797706313,113.9753640727562,-2.0,4.99,60.1,0.46
9281192006,(市)五和大道四季花城,22.65976725256875,114.05975735653944,76.0,7.41,61.4,0.83
9281192015,(市)安良社区沿河一路疏港铁路桥洞,22.73162335,114.107919,42.0,3.22,42.8,0.41
9281292022,(市)南山大道南行亿利达村段,22.540721694789013,113.9181638130031,9.0,9.05,80.2,0.33
9281292014,(市)G107国道南行固戍大门,22.55254164883845,113.90816500450731,1.0,7.38,61.6,0.31
9281192021,(市)东环一路和平路交汇处,22.65040479515617,114.03284713758192,70.0,7.62,92.1,0.33
9281292017,(市)圳美同富裕工业区,22.795355,113.948633,31.0,6.72,75.2,0.75
9281192018,(市)龙华大道库坑天桥段,22.669745856798677,114.03752701836405,56.0,8.96,81.1,0.12
9281292009,(市)帝堂路（锦程路以西段）,22.70987723506993,113.7784856087664,-1.0,5.04,87.2,0.11
9281292001,(市)滨河皇岗立交桥洞,22.531649,114.068077,0.0,16.08,42.9,0.37
MS1104403090000122,(市)龙华壹方成,22.65104,114.0232,70.0,16.85,90.3,0.92
MS1104403060000338,(市)东风幼儿园,22.7753,113.84376,11.0,9.17,92.8,0.08
MS1104403090000103,(市)布龙路与五和大道交汇处,22.646750702555874,114.02665721385576,70.0,13.4,94.0,0.84
MS1104403090000084,(市)观光路与福前路交汇处,22.733179257314486,114.01274963079653,39.0,5.1,62.7,1.3
MS1104403040000596,(市)侨香路香梅社区,22.55158384619422,114.00624803762132,34.0,10.33,62.6,0.88
MS1104403050000213,(市)前湾公园地铁站 A 出入口,22.518201,113.884684,0.0,5.82,34.7,0.37
MS1104403050000118,(市)月亮湾大道与前湾三路交叉口,22.511993391395155,113.8903078293519,281.0,9.22,40.3,0.2
MS1104403050000156,(市)滨海大道与南山大道交叉口,22.579823080041088,114.10123773351275,18.0,8.88,39.6,0.08
MS1104403060000380,(市)北环路与爱群路路口,22.79634568700108,114.39897783430258,21.0,8.22,68.5,0.7
MS1104403120000032,(市)大鹏液化天然气有限公司深圳接收站,22.743004,114.361787,44.0,7.81,42.6,0.26
MS1104403100000051,(市)三洋湖路三洋湖新区小区,22.691578,114.348264,50.0,3.03,77.9,0.31
MS1104403090000099,(市)三联社区,22.672051,114.005717,86.0,8.17,54.5,0.56
MS1104403070000319,(市)吉榕路桥洞,22.6384,114.16689,83.0,1.61,48.5,0.82
MS1104403060000486,(市)固戍地铁站 A/F 出入口,22.603015,113.844135,1.0,2.04,96.6,0.52
MS110440307000018X,(市)如意路广发银行奥林支行,22.697841456213258,114.19931100734046,66.0,8.21,20.5,0.76
MS110440303000029X,(市)洪湖地铁站D出入口,22.56924,114.11792,11.0,9.74,60.1,0.22
MS1104403060000433,(市)金沙二路与民福路交叉口,22.731531574999998,113.800096525,6.0,5.51,87.3,0.22
MS1104403100000028,(市)坪山法院门口,22.70625,114.36288,50.0,5.64,84.2,0.67
MS1104403070000247,(市)长深高速四方埔社区,22.785453209312927,114.3238491191703,74.0,2.88,39.1,0.05
MS1104403040000634,(市)燃气集团股份有限公司梅林 LNG安全应急气化站,22.577257,114.104386,18.0,11.03,37.3,0.21
MS1104403040000577,(市)深南皇岗立交桥与皇岗路交汇处,22.552167188223326,114.06774281249497,29.0,8.71,47.1,0.55
MS1104403060000357,(市)前进二路,22.597482662679273,113.87435005513986,1.0,5.66,92.0,0.32
9281292019,(市)上村社区龙大桥底,22.801366,113.9042,11.0,3.48,74.2,0.33
9281292011,(市)外环路广深高速新桥立交,22.736379220337216,113.84591188570887,8.0,6.11,52.7,0.3
9281192003,(市)新木路新围仔村路口,22.6674177472887,114.13210195018992,62.0,1.44,74.5,1.89
9281192020,(市)工业路壹成中心段,22.648754971805,114.02570221318598,70.0,11.24,94.0,0.98
9281192007,(市)沙西小学至南岭万家乐段,22.52612,114.02916,15.0,6.13,84.2,0.55
9281292018,(市)根玉路东方大道交汇处,22.763216165633853,113.85149341983029,11.0,1.43,75.1,0.43
9281192011,(市)松元头,22.741674,114.235649,56.0,9.43,15.2,0.36
9281292021,(市)临海大道海关保税区,22.53399911521491,113.88871009435005,0.0,9.29,17.6,0.22
9281292020,(市)马山头社区上石家路通兴路交汇处,22.763999933333334,113.8915635138889,12.0,4.74,88.8,0.15
MS1104403100000032,(市)秀沙路比亚迪厂门前,22.767995359829058,114.39900074224022,30.0,4.39,39.2,0.81
MS110440309000007X,(市)银星科技园,22.7323,114.04215,57.0,7.48,65.4,0.84
MS1104403040000600,(市)侨香路香安社区,22.55158384619422,114.00624803762132,34.0,10.33,62.6,0.88
MS1104403070000323,(市)京南路,22.602818284523806,114.12130894517196,18.0,8.15,80.8,0.43
MS1104403110000616,(市)同观路与汇融路交叉口,22.734039598507852,113.91441943299901,27.0,14.0,77.6,0.8
MS110440311000064X,(市)光明区高级中学,22.77092,113.901398,12.0,2.86,79.6,0.48
MS1104403030000323,(市)晒布路与东门中路交汇处,22.551568716163253,114.1183832504732,11.0,6.79,91.4,0.7
MS1104403070000232,(市)园新路与乐园路交汇处,22.714932425,114.3001758,83.0,7.72,96.5,0.78
MS1104403110000620,(市)松白路松茂御城段,22.731110627923336,113.894856941127,27.0,6.33,81.5,0.04
MS1104403060000452,(市)宝源路固戍海滨公园,22.58668431255461,113.84584894450396,1.0,0.0,15.0,0.56
MS1104403060000505,(市)海天路地下隧道,22.549962987088094,113.87889692546018,1.0,9.67,54.3,0.06
MS1104403040000558,(市)信托花园,22.52878,114.04754,9.0,6.95,72.6,0.31
MS1104403100000047,(市)群代路金泰航科技,22.685306,114.34945,50.0,7.53,90.0,0.37
MS1104403050000141,(市)南新路北头豪苑,22.535707366852186,113.92452459612443,9.0,6.31,47.0,0.28
MS1104403030000228,(市)红岗公园,22.57808,114.10931,18.0,9.64,47.5,0.22
MS1104403070000194,(市)龙翔大道与龙城大道交汇处,22.708452173199664,114.22855732448205,32.0,6.84,78.6,0.61
MS1104403090000137,(市)昌茂二路,22.559721,114.111073,11.0,3.67,42.5,0.07
MS1104403060000342,(市)海乐41区,22.558727,113.899699,1.0,11.27,64.8,0.09
MS110440306000029X,(市)辛养旧村辛居路,22.741359,113.802812,6.0,4.96,93.4,0.37
